Username,Country,Blitz Wins,Blitz Losses,Blitz Draws,Bullet Wins,Bullet Losses,Bullet Draw,Rapid Wins,Rapid Losses,Rapid Draws,Blitz Best Rating,Bullet Best Rating,Rapid Best Rating
123lt,China,751,688,138,255,197,23,13,4,7,2707,2824,2509
124chess,Russia,1230,1029,238,70,74,7,6,1,2,2830,2605,2350
1977ivan,Serbia,734,402,85,2,0,0,8,9,3,2824,2075,2556
1stsecond,Latvia,5342,4155,774,1007,834,147,15,9,3,2932,2872,2608
731291,Spain,2732,2143,525,327,184,25,17,10,6,2770,2643,2470
a-adly,Egypt,453,238,58,567,411,65,10,3,2,2968,2986,2720
a-fier,Brazil,1159,734,252,190,134,17,49,23,25,2890,2839,2589
abasovn,Azerbaijan,190,116,58,125,65,6,9,5,0,2969,2979,2609
abhidabhi,India,905,701,177,8,6,1,1,4,4,2898,2596,2626
abhijeetgupta,India,409,407,77,119,107,15,6,5,1,2935,2849,2600
abhijeetonyoutube,India,71,26,9,34,12,2,1,0,0,2808,2780,2759
abykhovsky,United States,3156,2787,451,5586,4960,492,3,0,0,2864,2988,2499
adham_fawzy,Egypt,2805,2979,706,217,203,22,10,11,4,2878,2750,2541
afgano29,Colombia,2358,1793,326,633,464,65,6,7,2,2750,2546,2715
akshayraj_kore,United States,3144,1981,411,28,11,0,8,1,0,2647,2361,2000
aleksa74,Serbia,3620,3365,777,385,329,55,7,2,0,2808,2730,2062
aleksey_sorokin,United States,3609,2362,908,443,313,76,15,1,3,2949,2849,2439
alexanderl,United States,1397,392,253,558,220,45,140,19,29,2913,2815,2805
alexander_donchenko,Germany,1583,893,307,814,482,77,16,6,2,2896,2834,2789
alexander_moskalenko,Russia,2504,2062,881,541,550,108,13,6,3,2968,2856,2431
alexander_zubov,Ukraine,1736,692,248,2176,702,147,10,1,1,3068,3078,2726
alexchess1984,Czech Republic,810,540,147,1368,886,103,1,0,1,2746,2665,2251
alexeishirov,Spain,205,68,38,2,0,1,12,1,2,2872,2732,2909
alexrustemov,Russia,2811,2456,733,9,1,1,10,6,4,2884,2315,1902
alexyermo,United States,27,96,15,4,2,0,127,54,25,2298,2019,2206
alex_stripunsky,United States,227,139,47,108,96,10,5,1,1,2775,2750,2550
allanstig,Denmark,297,173,21,547,325,34,8,2,0,2763,2729,2491
amintabatabaei,Iran,3727,3779,890,2134,2247,319,25,7,15,3061,3184,2635
amir-zaibi,Tunisia,448,282,61,24,7,1,7,8,1,2483,2545,2278
amirbagheri78,France,802,794,201,2,0,0,14,11,10,2714,2682,2253
amirreza_p,Iran,1296,1486,268,63,59,10,4,0,0,2920,3108,2255
andrbaryshpolets,United States,1566,1168,252,394,351,55,11,2,5,2793,2780,2515
andreikka,Russia,1334,1022,326,882,765,113,50,16,18,3032,3144,2878
andrei_belozerov,Russia,446,172,51,165,27,8,9,6,1,2670,2528,2673
andreystukopin,United States,301,218,42,24,18,4,2,0,0,2739,2616,2596
anishgiri,Netherlands,297,112,117,120,57,38,13,7,10,3059,3178,2852
anishonyoutube,Netherlands,215,60,48,173,88,41,29,0,4,3019,3200,2948
annawel,France,1510,1079,279,2987,1205,244,4,0,0,3030,3162,2571
anna_muzychuk,Ukraine,31,30,30,15,11,2,3,0,0,2727,2656,2533
anonymous1762,India,727,561,193,14,17,2,16,19,9,2808,2806,2216
anthonywirig,France,1002,759,255,1669,1222,232,17,6,0,2862,2882,2266
antipov_mikhail_al,Russia,1752,1043,236,314,189,26,11,3,6,3017,3012,2532
antonsmirnov,Australia,4287,3928,1057,495,371,64,19,11,6,3088,2962,2637
anton_demchenko,Russia,2478,1888,480,354,356,43,28,7,9,3030,2828,2835
anuar_is,Kazakhstan,681,353,105,133,56,6,22,3,5,2872,2622,2646
arencibia,Cuba,1936,1448,276,829,530,53,12,2,1,2656,2576,2401
arm-akiba,Armenia,397,277,147,196,159,31,13,4,11,2914,2884,2920
arnaudovp,Bulgaria,4368,4257,879,126,84,4,10,5,5,2730,2527,2426
arseniy_nesterov,Russia,2214,1636,505,429,225,54,29,5,11,2939,2926,2441
artem_ilyin,Russia,124,101,25,2,1,0,1,0,0,2573,2499,2403
arvika,Sweden,95,47,14,26,7,3,1,3,0,2710,2498,2544
aryamabreu,United States,760,691,139,2023,1725,164,3,0,0,2727,2721,2612
aryangholami,Iran,1476,1293,272,966,754,96,17,3,4,2822,2684,2545
aryantari,Norway,2637,1800,468,198,132,36,6,2,2,2969,3100,2638
asadlivugar,Azerbaijan,1724,1249,343,14,8,1,36,30,23,2974,2629,2771
aspired,India,1651,1206,367,1718,1033,292,8,0,1,2807,2795,2623
atalik,Serbia,234,38,34,48,9,11,54,16,13,2704,2628,2834
attack2mateu,Canada,3979,2756,585,208,120,19,21,3,5,2833,2867,2748
attilaczebe,Hungary,39,24,5,34,6,1,1,0,1,2367,2234,2428
avitalbor,Israel,1614,1371,388,248,208,35,12,3,1,2919,2771,2733
aygehovit1992,Russia,1832,1790,359,735,705,98,21,12,1,2794,2696,2504
azerichess,Azerbaijan,611,407,172,809,653,134,23,3,3,3071,3180,2820
azeryahu,Hungary,1584,1172,370,341,250,52,8,2,12,2919,2805,2077
azikom,Azerbaijan,1073,534,193,451,312,38,21,4,3,2770,2492,2562
b-man,Iceland,3228,2587,418,210,151,21,12,8,8,2711,2570,2455
b-unit,England,783,68,127,67,0,1,438,12,55,2463,2677,2534
baby_legs,Germany,1025,402,111,37,4,2,10,3,3,2799,2365,2643
bacallao2019,Cuba,287,184,56,415,182,25,10,2,4,2842,2662,2713
bacyanide,Georgia,790,671,166,949,824,141,19,6,4,2516,2560,2535
baki83,France,319,227,60,69,28,5,7,5,4,2880,2792,2807
bakki78,Ukraine,258,109,68,12,7,2,58,11,24,2799,2903,2669
bancsoo,Hungary,1192,1013,257,38,26,9,6,4,9,2929,2714,2695
barys1974,Kazakhstan,1268,1059,253,27,19,2,15,9,7,2828,2344,2476
barzed,United States,198,106,42,634,327,42,46,3,20,2937,3009,2811
batica1984,Serbia,537,381,83,71,62,3,14,5,3,2884,2581,2757
batolovic,Philippines,453,257,38,152,50,6,5,20,1,2483,2367,1200
bazarov04,Russia,478,390,98,67,65,4,1,1,0,2772,2781,2432
beca95,Serbia,1936,1122,315,377,193,32,11,2,4,2992,2847,2709
berny643,Czech Republic,26,8,4,28,10,7,8,4,0,2647,2347,2500
besmall,United States,39,27,6,16,5,0,19,6,0,2343,2068,2610
bigfish1995,Russia,5216,3704,1146,3488,3130,524,76,8,10,3174,3231,2731
bilguunsu,Mongolia,31,16,9,14,7,2,9,8,6,2769,2630,2640
bobanbogosavljevic,Serbia,201,138,33,1108,813,136,1,0,3,2860,2831,2294
bocah_sakit,Indonesia,1567,1030,225,4093,3307,486,33,14,9,2887,2978,2597
bocharovd,Russia,2313,1619,365,71,52,7,5,1,3,2919,2814,2517
bogdandeac,Romania,3245,2106,1011,608,440,57,28,9,18,3089,2951,2919
bonamente,United States,15,2,0,216,29,4,1,0,0,2403,2305,1359
bonca64,Slovenia,150,123,29,29,6,0,618,435,132,2829,2353,2227
bonuspater18,Iceland,679,308,82,380,239,20,13,0,2,2849,2843,2625
boorrj,United States,58,30,7,212,106,21,1,0,0,3013,3080,2600
bosiocic,Croatia,66,44,19,8,7,0,26,6,3,2796,2173,2755
brightthunder,Spain,1159,746,110,80,27,1,10,0,1,2660,2509,2533
bui2512,Vietnam,337,244,85,3,5,0,173,110,100,2553,1470,2392
byniolus,Poland,830,466,90,13247,10801,1348,42,6,3,2896,2913,2528
captainjames,Germany,620,516,109,312,118,27,6,0,0,2924,2708,2206
carlosalbornoz,Cuba,404,208,80,95,49,7,16,10,20,2900,2811,2558
cassoulet,France,1130,859,222,202,89,23,15,10,6,2815,2815,2288
chabanon,France,14,1,1,77,43,5,24,2,2,2542,2210,2344
champ2005,United Arab Emirates,3178,2682,1082,2279,1603,322,15,8,2,3051,3177,2784
checkmate_107,India,51,17,17,79,52,12,1,1,1,2731,2809,2476
chefshouse,China,101,40,40,10,6,6,13,4,15,3107,2939,2884
chepaschess,Bulgaria,117,50,41,8,6,1,2,1,2,2908,2860,2668
chernobay_artem,Russia,791,709,89,21,32,4,11,2,0,2730,2523,2500
chessasuke,United States,917,1011,209,171,185,30,2,3,4,2735,2856,2617
chessawp,China,17,10,7,17,18,1,25,0,0,2934,2714,2789
chessbrah,Canada,7309,1736,373,5805,2168,292,222,21,7,3042,3271,2928
chessdjw,Germany,2032,1344,308,98,63,6,11,11,10,2817,2615,2336
chessdude,Poland,348,240,133,70,47,15,1,0,0,2655,2662,2600
chesseducation4u,Thailand,2078,1169,203,298,183,21,418,141,93,2571,2333,2328
chessialist,Turkey,484,312,87,27,35,4,17,11,8,2846,2533,2551
chesspanda123,China,469,212,104,821,494,95,11,5,19,2965,2969,2906
chessqueen,Russia,1716,803,326,637,467,92,21,8,6,2809,2779,2610
chessskool,Hungary,193,140,24,455,351,47,9,3,3,2823,2889,2646
chesstrainer2042,India,130,86,12,21,37,0,2,2,2,2576,2582,2113
chesswarrior7197,Uzbekistan,1700,1091,394,892,707,128,54,61,13,3036,3014,2635
chessweebs,United States,1121,548,125,2351,781,146,8,0,0,2918,3016,2525
chito89,Paraguay,2822,1991,501,225,151,19,16,9,3,2927,2919,2621
chopper1905,Turkey,2298,1456,372,322,206,34,2,0,0,3010,2943,2604
classyel,Armenia,4302,4080,642,3486,3272,327,8,8,1,2714,2533,2549
conquering,India,1337,1380,471,430,505,114,1,0,0,2887,2764,1412
contora,United States,295,121,57,27,25,3,5,0,0,2808,2410,2598
courgete,France,96,36,11,107,62,8,15,5,0,2965,2507,2059
crackcubano,Cuba,2011,1978,415,50,18,4,6,6,5,2797,2295,2726
crazyboy26,France,55,23,5,3,2,1,5,2,3,2752,1929,2634
crescentmoon2411,Vietnam,397,247,135,158,126,52,8,1,7,3120,2938,2811
cristhiancruzsanchez,Peru,54,33,4,17,9,2,17,9,7,2609,2738,2620
cruel_yaro,United States,1833,1013,330,483,275,40,22,4,5,2920,2799,2621
cubitas,Paraguay,497,404,71,166,90,11,41,8,3,2591,2539,2542
daanbrandenburg,Netherlands,521,338,81,183,100,20,8,1,0,2652,2583,2606
daat,Norway,217,113,35,15,5,1,38,10,11,2803,2598,2675
daggigretarsson,Iceland,1324,1223,206,413,398,39,8,11,3,2732,2717,2400
dalmatinac101,Croatia,1988,1523,655,221,125,21,12,2,7,3016,3109,2870
dancingheaven16,India,154,111,7,7,0,0,7,5,6,2402,2072,2350
danieldardha2005,Belgium,640,477,186,931,644,86,20,9,5,2854,2765,2505
danielnaroditsky,United States,14818,8602,2923,20788,11220,2231,10,4,5,3213,3553,2919
daro94,United States,2143,1818,627,625,541,96,10,2,12,3020,3055,2735
davidarenas1224,Colombia,595,521,70,765,906,85,4,9,5,2647,2519,2475
davidmarkosyan,Russia,3866,3679,881,390,305,62,102,62,11,2642,2554,2058
david_arutinian,Georgia,519,258,116,57,43,11,19,7,1,2791,2676,2094
dbojkov,Bulgaria,265,85,26,324,76,20,4,0,0,2446,2459,2255
deadeye10,India,10,4,0,7,7,2,4,1,4,2862,2800,2706
debashisdebs,India,539,542,155,880,645,126,4,2,3,2941,2801,2691
defenceboy,China,626,538,170,983,794,158,4,1,4,3003,3006,2607
delhigm,India,14,6,3,239,155,14,3,3,0,2549,2513,2464
devikbronstein,India,729,549,133,570,444,63,5,1,3,2885,2811,2522
dhoine,Russia,163,74,20,1770,659,131,4,5,0,2904,2933,2515
dinopopuslic,Croatia,21,8,1,3,0,0,3,3,2,2085,1680,2651
diokletian,Ukraine,2332,1781,480,53,40,8,1,0,0,2869,2522,2230
djojua,Georgia,60,22,15,19,6,5,8,2,1,2846,2806,2706
dj_haubi,Germany,878,373,154,848,93,25,35,8,4,2584,2570,2537
dlugy,United States,1294,380,140,1763,651,151,7,0,1,2702,2779,2247
dr-bassem,Egypt,493,336,72,79,91,7,11,6,5,2876,2819,2964
dragansolak,Turkey,1361,982,422,468,297,77,9,3,8,2941,2769,2679
dragonflow,Italy,794,559,164,1,0,0,6,3,3,2803,2573,2661
drags95,Poland,1272,933,282,30,98,21,9,2,9,2851,2973,2609
dretch,United States,1036,384,135,1314,349,71,19,4,7,2897,3014,2860
drvelja,Serbia,1768,1328,299,2388,1964,286,20,12,5,2938,3057,2334
drycounty,United States,7989,7710,2666,232,194,46,82,26,25,2790,2702,2774
duanlian,China,12,2,0,68,21,2,18,12,6,1858,2377,2526
dudedoel,Netherlands,18,8,9,2,0,0,4,4,1,2689,2447,2475
duhless,Russia,3724,2154,881,2035,1468,252,7,2,8,3119,3058,2940
durarbayli,Azerbaijan,1935,1621,370,321,272,53,11,2,3,2917,2774,2732
dusanacns,Serbia,871,611,140,86,46,6,3,0,2,2861,2827,2000
dyadya81,Armenia,1197,847,210,433,204,42,3,4,1,2884,2832,2527
dynamikus,Switzerland,837,591,175,31,18,4,115,35,9,2856,2747,2413
earlgreynow,Qatar,576,409,67,429,364,22,1,0,0,2456,2336,2206
ehsan_ghaemmaghami,Iran,2073,1737,582,1104,989,122,9,5,5,2948,2975,2782
elefante33,Brazil,537,393,97,250,196,22,4,1,4,2788,2780,2578
elegance_riks,India,131,75,100,44,33,26,23,1,12,2748,2687,2624
elgasanov,Ukraine,349,165,44,21,10,0,6,3,3,2856,2365,2544
elhelvetico,Switzerland,1025,755,210,71,38,4,1,0,4,2901,2691,2618
elshan1985,United States,1522,885,367,415,242,51,26,6,17,2924,2840,2816
eltaj_safarli,Azerbaijan,504,229,167,389,247,44,18,7,6,3111,3085,2729
emiliocordova,Peru,1200,1053,247,54,31,6,10,9,4,2983,2879,2609
enajer77,Russia,362,303,61,1,2,0,14,6,10,2733,2576,2467
enki007,Ukraine,76,38,33,23,12,12,1,1,0,2783,2646,2585
erichansen,Canada,5430,2869,536,7872,4872,513,9,2,2,3042,3265,2805
erikblomqvist,Sweden,137,104,23,18,7,1,14,8,16,2614,2403,2711
etoilegeniale,France,296,124,51,55,22,10,31,5,2,2573,2508,2595
evandro_barbosa,Brazil,8389,8495,1448,453,488,61,18,0,0,2765,2675,2501
evgeny81,Israel,402,194,73,2,0,0,16,8,2,2804,2203,2719
evgenysharapov,Ukraine,842,586,260,25,7,4,9,4,3,2460,2222,2333
evgenyt,Russia,664,381,247,2,0,0,5,3,8,2987,2290,2832
exoticprincess,Georgia,1515,828,411,78,71,20,7,5,1,3036,2992,2740
fabianocaruana,United States,552,180,95,634,132,50,14,1,5,3077,2949,3045
fablibi,France,1225,538,167,1733,854,169,30,3,2,2808,2757,2565
fandorine,Russia,1383,776,299,223,175,40,14,5,7,2982,2891,2770
faqade,Greece,901,610,133,1243,835,46,12,3,7,2788,2729,2945
farrukh_amonatov,Russia,3147,3072,885,139,124,13,5,3,3,3007,2764,2615
fatupss,United States,551,375,78,1026,760,125,12,5,1,2802,2774,2543
fcchelsea14,Vietnam,2441,1676,381,1101,800,123,6,0,0,2832,2655,2717
fighterman91,Iran,1247,1114,254,914,888,113,9,0,8,2793,2832,2260
filippov_anton,Kazakhstan,352,253,63,10,6,0,6,0,1,2746,2568,1974
firegrizzly,Romania,1146,1014,339,38,44,5,4,10,8,2722,2477,2500
fireheart92,India,428,344,117,433,417,53,12,11,5,2941,2939,2863
firouzja2003,Iran,5773,3711,1349,11479,7464,1312,9,4,4,3233,3521,2807
fodorpoti,Hungary,425,281,67,5,8,0,5,3,1,2800,2647,2518
foewa98,Jamaica,303,100,47,17,0,0,4,1,0,2757,2002,1375
formerprodigy,Czech Republic,332,170,69,7,3,2,3,0,2,2929,3044,2943
ftorodent,Russia,330,215,46,3,5,0,16,16,5,2710,2603,2291
fyall777,Portugal,14015,12055,1392,1,1,0,2,3,0,2567,1200,1200
g3god,India,772,606,218,639,491,78,12,1,10,2943,2827,2829
gabix_94,Hungary,2756,2095,620,1515,1048,173,20,7,5,2964,2931,2571
gabrielian_artur,Russia,1096,802,239,31,47,5,6,6,0,2850,2810,2844
gabuzyan_chessmood,Armenia,1876,1584,461,1696,1643,256,9,8,4,3064,3067,2571
gaguna,Georgia,328,255,113,240,261,48,7,3,1,2763,2549,2572
gajuchess,Poland,2855,2003,430,292,234,37,7,7,1,2892,2819,2756
gakashchess,India,11,7,1,18,10,0,4,4,5,2711,2866,2621
garcho08,Indonesia,3028,1496,599,5239,3216,605,21,9,18,3010,2893,2564
gasconchess-youtube,Timor-Leste,2407,2107,397,549,591,60,46,5,10,2688,2530,2679
geller_jakov,Russia,74,39,7,583,333,58,8,0,1,2721,2806,2377
geminiboy,China,361,174,30,16,7,1,4,4,0,2877,2692,2000
gen-gutman,Ukraine,381,285,69,2254,1292,90,12,16,3,2701,2659,2161
genghis_k,Argentina,980,713,248,2955,2678,461,15,4,6,2968,3265,2701
georgescu_tiberiu,Romania,795,603,157,1931,1670,294,1,0,0,2640,2584,2003
georgmeier,Uruguay,3403,1822,1000,3930,2295,557,20,5,15,3059,3023,2924
gguseinov,Azerbaijan,272,76,74,32,29,4,121,6,28,2967,3028,2771
ghandeevam2003,India,3381,2361,758,7111,4927,1022,50,6,5,3130,3236,2461
giantslayer83,India,538,217,62,57,13,1,5,3,1,2777,2395,2326
gigaquparadze,Georgia,7392,4909,1804,350,214,61,22,1,5,3077,2877,2940
gilmil,Brazil,2258,1587,340,5,9,0,26,1,0,2681,2020,2575
ginger_gm,United Kingdom,10819,8907,1437,164,100,15,76,32,11,2798,2675,2469
glek_igor,Russia,282,236,31,11,9,1,69,35,7,2520,1356,2507
gliglu,Poland,1275,957,210,54,44,2,8,9,4,2721,2292,2452
gmalex1971,Bulgaria,754,548,136,3,5,0,22,9,6,2734,2141,2535
gmalmeida,Cuba,548,323,110,15,13,4,16,3,5,2865,2342,2592
gmarunchess,United States,136,49,12,845,620,86,4,3,1,2789,2659,2123
gmbenjaminbok,Netherlands,1954,1173,414,189,133,15,14,6,6,3038,2985,2715
gmbenjaminfinegold,United States,5204,485,166,4662,1074,209,34,2,4,2698,2793,2516
gmchessrob,United States,413,117,81,294,112,12,2,0,0,2606,2656,2532
gmcorrales,United States,6254,6097,1055,1382,1501,125,1,2,0,2972,2866,2539
gmcyborek,Poland,2116,1255,347,3335,2192,270,1,2,0,2730,2659,2000
gmg,United States,6801,5959,1933,833,599,72,401,38,645,2892,2804,2763
gmharikrishna,India,334,324,115,618,569,114,6,1,6,2876,3020,2869
gmhess,France,7866,4808,878,5514,2979,435,73,42,6,2949,2901,2664
gmjlh,Norway,2863,858,299,3051,817,208,35,0,0,2819,3070,2754
gmjoey1,Philippines,29619,21032,3014,58876,36046,2632,72,24,51,2767,2972,2426
gmkomarov,United Arab Emirates,179,46,48,2,0,2,1,0,2,2547,2617,2392
gmkrikor,Brazil,9374,4399,1601,4114,1578,291,118,22,12,2974,2888,2613
gmlazarobruzon,United States,789,610,325,56,37,4,16,5,3,2969,2555,2775
gmmarcindziuba,Poland,405,290,78,45,21,4,26,8,3,2730,2483,2557
gmmatamoros,Ecuador,687,167,57,92,59,4,12,11,8,2605,2587,2430
gmmelik,United States,4867,4403,1158,3911,2654,450,4,2,2,2724,2569,2530
gmmoranda,Poland,405,228,62,350,252,43,3,3,0,2973,2945,2605
gmneiksans,Latvia,1916,1209,416,318,192,31,13,1,4,2948,2883,2742
gmnickpert,United Kingdom,106,41,21,418,127,18,1,0,0,2767,2767,2569
gmoratovsky,Spain,324,233,38,85,66,10,2,3,3,2665,2507,2200
gmpontuscarlsson,Sweden,2916,1796,459,439,266,33,53,19,5,2836,2671,2471
gmrafaelleitao,Brazil,339,180,93,3,0,0,7,2,0,2770,2225,2659
gmreniergonzalez,United States,176,63,8,217,120,16,4,0,0,2702,2691,2477
gmsergiobarrientos,Colombia,221,204,38,39,54,1,11,3,3,2808,2891,2500
gmsrinath,India,1246,829,225,2320,2310,319,12,3,3,3132,3018,2865
gmstefanova,Bulgaria,95,42,47,36,17,19,24,11,12,2726,2647,2717
gmtalks_youtube,Denmark,1505,1074,272,60,26,5,16,7,10,2769,2686,2542
gmtazbir,Poland,568,296,163,900,504,125,23,0,0,2966,2886,2080
gmvallejo,Spain,405,157,88,393,113,35,1,1,1,2943,2936,2713
gmwso,United States,614,309,247,453,222,91,17,5,11,3169,3206,2938
gm_andrei_murariu,Romania,445,98,19,139,19,5,64,20,2,2247,2128,1970
gm_barcenilla,Philippines,228,119,35,2524,1681,208,36,15,18,2910,2979,2460
gm_batchuluun,Mongolia,107,69,23,31,25,2,19,7,8,2789,2793,2656
gm_crest,Russia,324,122,55,393,212,35,1,0,0,2829,2873,2547
gm_d85,International,316,171,120,13,6,1,48,5,8,2988,2923,2859
gm_darwinlaylo,Philippines,847,578,166,52,36,20,35,6,36,2667,2471,2451
gm_dmitrij,Germany,10950,7828,2277,3622,2755,479,11,4,9,3035,3110,2914
gm_donatello,Slovenia,3374,3327,733,97,102,18,8,5,9,2874,2884,2626
gm_levan_pantsulaia,Georgia,624,479,97,23,23,4,10,8,5,2969,2692,2782
gm_petrovich,United Arab Emirates,1620,914,256,22,3,1,1,0,0,2778,2612,2098
gm_rashid,Uzbekistan,310,206,21,22,15,0,5,4,2,2376,2312,2361
gm_robertomogranzini,Italy,3021,3014,593,215,198,38,25,10,3,2668,2573,2203
gm_shahin,Iran,2423,1516,478,1157,767,156,2,0,0,2903,2857,1441
gnowreopard,China,641,561,127,287,300,48,13,4,1,2823,2626,2548
gogieff,Ukraine,685,351,123,102,75,14,12,5,10,3013,2903,2876
gorato,Serbia,72,48,14,1944,1384,167,6,3,5,2585,2510,2450
gordima,Russia,1512,1063,288,951,818,135,12,5,2,2871,2884,2513
goryachkina,Russia,282,145,119,2,3,0,11,2,5,2711,1969,2695
grafdemontekritz,United States,13,9,8,20,19,3,3,0,0,2612,2529,2234
grandelicious,Sweden,356,138,60,80,10,3,19,10,8,2891,3029,2768
grandmaster1369,Iran,546,564,58,210,190,21,7,6,2,2796,2731,2547
grischuk,Russia,616,373,279,518,379,161,5,4,18,3146,3310,2837
groovykettle,Netherlands,1267,1431,462,517,455,72,2,3,1,2992,2946,2342
grzechu96,Poland,519,335,90,73,17,6,7,5,4,2705,2379,2552
guenplen,Russia,1117,501,251,753,378,109,9,3,4,3003,3013,2601
gukeshdommaraju,India,1793,1356,255,765,688,83,10,3,7,2922,2816,2594
gutovandrey,Russia,88,17,6,20,3,0,61,0,0,2431,2230,2800
hamisandwich,Moldova,2663,2202,297,61,27,7,2,0,1,2731,2722,2241
hamonde,Philippines,311,189,49,170,83,15,8,2,3,2915,2735,2562
hansontwitch,United States,630,453,127,1247,978,125,7,2,0,3019,3227,2627
hanzo_hasashi1,Uzbekistan,181,98,42,62,25,5,18,8,8,2975,2827,2826
harry_rakkel,Poland,812,580,131,67,37,0,6,7,3,2716,2531,2589
harsha_bharathakoti,India,1159,689,222,370,242,37,9,3,3,2869,3037,2453
hasangatin_ramil,Russia,809,589,184,177,43,35,2,3,1,2633,2449,2502
heliopsis,Poland,299,224,64,6,1,0,6,7,1,2800,2675,2500
hikaru,United States,19643,3506,2517,9932,1329,551,10,1,1,3332,3570,2829
hissha,United States,38,10,3,61,48,5,8,1,3,2398,2022,2199
hitaman,Ukraine,426,235,70,49,17,6,25,1,1,2746,2642,2300
hoffmana26,Uruguay,364,249,100,9,13,0,11,9,5,2540,2470,2277
homayoontofighi,Iran,486,371,92,1609,1285,154,4,0,0,2953,2991,2400
horizonevent,Poland,107,59,12,41,35,13,8,3,6,2551,2659,2440
howitzer14,England,1595,589,272,3818,1276,324,26,5,5,3046,3032,2906
hrant_chessmood,Armenia,3049,2088,735,171,94,19,10,4,5,3085,2961,2947
hristosbanikas,Greece,14,4,3,1,0,0,2,3,3,2930,2769,2609
hugooakland,United States,9534,7241,960,2,1,0,2,0,0,2546,1974,2128
hugospangenberg,Argentina,2346,1572,428,9,3,0,1,1,0,2725,2459,2000
humpy1987,India,37,39,13,12,18,6,21,5,13,2663,2649,2719
hustlestandard,France,64,35,10,389,266,41,3,0,0,2482,2651,2139
hyxiom,France,67,26,4,9,1,0,2,0,0,2374,1850,1894
ichamo,Qatar,718,648,78,16,12,4,2,1,1,2698,2457,2402
igorkovalenko,Latvia,5179,3505,980,2825,1780,327,17,9,9,3026,2922,2651
igor_lysyj,Russia,211,86,57,2,0,0,13,7,5,2871,1391,2661
igrok3069,Russia,86,27,13,6,2,0,7,2,7,2788,1628,2685
iljazaragatski,Germany,1014,737,79,326,177,29,6,1,0,2623,2438,2576
iljushin_alexey,Russia,319,288,116,1,5,0,10,6,16,2778,2624,2507
illingworth,Australia,1802,771,213,741,250,69,10,5,6,2956,3064,2877
immatt64,United Kingdom,638,228,70,303,105,22,161,14,14,2690,2542,2519
imre91,Hungary,1920,586,232,3817,1045,209,9,7,3,2835,2840,2672
incognito_knight,Ukraine,1868,1671,510,117,109,32,1,0,1,2827,2683,2388
indian-elephant,India,1775,872,343,51,39,3,100,20,31,2842,2841,2737
indianlad,India,5784,4231,1374,1715,1277,210,5,1,3,3055,3138,2639
infernal_xam,Russia,1980,1306,398,769,527,88,7,6,2,3005,2906,2877
inopov,Philippines,269,220,17,276,313,13,3,0,1,2552,2550,2497
irochka83,United States,196,154,22,37,32,6,13,6,5,2488,2548,2449
iturrizaga,Venezuela,481,264,67,477,361,43,7,0,2,2990,3036,2665
iuri_shkuro,Ukraine,951,502,219,364,187,36,18,1,0,2799,2762,2511
izoria123,United States,1565,888,302,1451,760,120,20,4,6,2928,2802,2641
jansmeets,Netherlands,321,257,38,102,54,11,5,3,4,2751,3034,2717
jcibarra,Spain,745,299,121,800,431,79,2,0,0,2932,2959,2564
jefferyx,United States,816,275,218,465,243,65,35,8,21,3031,3211,2838
jfriedel,United States,304,181,42,412,303,38,1,1,0,2720,2692,2512
jlucasvf,Western Sahara,694,408,184,117,93,15,9,2,1,2808,2813,2350
jmb2010,United States,377,165,30,1152,510,105,17,5,4,2550,2922,2835
jncool68,France,2695,1903,443,149,112,18,6,5,1,2822,2708,2506
johansalomon,Norway,2311,1582,275,420,273,42,17,5,0,2715,2633,2507
joppie2,Netherlands,4115,3490,811,3551,2994,312,8,7,8,3058,3140,2646
joshdaruca,United States,1924,1499,432,186,164,24,4,1,5,2920,2793,2662
joshuachick,China,3948,2969,716,429,238,32,2,0,2,2924,2865,2792
jospem,Peru,7705,4640,1283,2851,1999,360,96,14,15,3094,3171,2744
jrlok,United States,703,478,123,3,8,1,2,4,4,2430,2500,2216
jsprepz,Norway,990,739,173,1298,1052,173,2,2,0,2902,2898,2805
jt,Denmark,490,259,65,5,1,0,27,4,8,2719,1689,2394
juancglez,Mexico,81,11,2,223,112,10,22,6,2,2553,2688,2338
julio_becerra,United States,1870,1249,375,1087,637,117,89,4,7,2913,2721,2537
jumbo,Kazakhstan,1527,1424,295,434,614,64,21,18,11,2963,2896,2730
justantan,Australia,4015,3262,730,791,506,74,5,2,0,2897,2770,2515
justanything,Hungary,2479,2435,486,1124,1021,124,10,1,2,2704,2576,1421
justatrickstar,Fiji,2648,1828,452,802,469,72,16,6,0,2905,2725,2489
juwen,China,226,172,46,38,19,3,21,6,13,2765,2541,2688
kaidanov,United States,19,9,3,2,3,0,2,1,0,2741,1854,1660
kaka666,China,330,146,66,178,95,11,6,3,3,2825,2999,2600
kampkatten,Denmark,224,126,58,88,45,15,19,6,7,2788,2816,2591
kantorgergely,Hungary,11,7,9,6,0,0,1,2,3,2598,2519,1800
kaphrep,United States,4740,3325,723,1131,767,120,4,1,1,2917,2825,2776
karavanela,United States,948,750,188,32,31,1,2,0,0,2607,2278,2191
katerynalagno,Russia,360,196,91,46,31,17,6,2,5,2779,2693,2463
kaydentroffchess,United States,190,121,33,927,584,80,6,7,0,2836,2891,2535
keitharkell,United Kingdom,2617,1408,458,384,237,33,92,11,28,2745,2517,2520
kempsy,Canada,1505,1155,296,648,376,66,1,0,0,2960,2888,2660
ketigrant,Scotland,409,408,40,73,54,1,42,8,5,2500,2408,2411
kevin_goh,Singapore,906,798,138,73,55,2,10,13,6,2773,2593,2475
khatanbaatarbazar,Mongolia,12557,10701,2849,16,9,3,5,2,1,2773,2610,2162
khaz_modan,Sweden,1269,863,147,194,150,21,3,2,0,2646,2560,1939
kiborg1987,Bosnia-Herzegovina,376,164,78,155,86,12,8,2,1,2905,2938,2630
killer-kostya,Georgia,567,530,106,765,739,62,27,2,0,2806,2728,1994
kingloek,Netherlands,135,79,27,25,13,3,15,6,7,2836,2580,2770
kintoho,France,11756,9835,1619,890,935,86,8,4,0,2628,2332,1945
kiril1965,North Macedonia,134,43,28,28,0,2,15,4,5,2860,2143,2737
kirillshevchenko,Ukraine,916,568,218,1173,1000,202,41,9,15,2970,2960,2810
knvb,Canada,7784,2829,623,15693,7399,1382,21,1,0,2851,3201,2695
kobalia,Russia,413,214,79,1,3,0,19,8,9,2839,2474,2522
koksik_13,Russia,843,601,141,846,805,83,21,13,3,2772,2708,2200
koktebel22,France,213,105,39,3,3,0,29,17,6,2680,2697,2687
konavets,United States,2473,1349,484,651,413,79,2,0,0,3104,3146,2660
kondylev,United Arab Emirates,231,94,23,76,15,4,7,0,0,2867,2481,2027
koutsalogo,Greece,267,23,19,408,61,9,73,8,12,2761,2728,2536
kouzari,Kazakhstan,2284,1726,429,726,582,127,10,3,0,2679,2584,2100
kpio91,Poland,1097,566,248,334,260,50,7,5,5,2941,2859,2800
krasimir_rusev,Bulgaria,2502,1903,341,3847,3138,412,39,3,0,2792,2784,2635
kruhor,Czech Republic,111,61,13,1,0,0,8,3,5,2654,2079,2697
kuli4ik,Russia,1282,1117,430,457,428,68,1,1,2,2929,2882,2552
kuybokarovtemur,Australia,49,27,5,6,9,1,20,6,14,2998,2874,2671
kuzubovyuriy,Ukraine,1193,830,258,29,30,7,50,11,12,2966,2797,2578
k_a_s_t_o_r,Chile,3346,2338,589,1691,1248,117,34,6,6,2922,2858,2700
k_grigoryan,United States,406,33,14,53,7,3,82,4,1,2854,2771,2820
l3on4rdo,Slovenia,449,412,64,43,22,3,8,5,2,2814,2724,2567
lachesisq,Russia,2715,1555,684,221,162,40,16,1,10,3204,3168,2908
lapitch,France,244,99,23,1048,587,112,20,7,3,2803,3001,2521
last7samurai,Turkey,3062,1843,569,1776,1456,214,36,2,12,2922,2859,2827
lcfox,China,165,96,55,9,2,0,19,9,0,2813,2305,2020
lestofante90,Italy,2028,1426,409,751,468,76,12,7,8,2893,2898,2557
lestri,Spain,238,99,38,55,22,2,54,22,16,2764,2482,2492
lili_ani,Georgia,619,610,126,113,78,26,3,6,3,2689,2831,2515
lilleper1,Denmark,1171,1201,330,392,499,73,33,7,12,2901,2832,2452
littlepeasant,United States,1087,870,240,1880,1319,213,5,1,0,2921,2905,2658
locotito77,Bolivia,39,26,3,2,5,0,10,10,9,2538,2744,2649
lonelyqueen0,Guatemala,819,642,160,50,22,5,3,3,2,3024,3067,2709
lonelyzeng,China,526,403,69,96,45,7,10,5,8,2895,2818,2671
lordillidan,Hungary,1455,837,368,5035,2101,520,5,1,14,3097,2995,2922
lovevae,China,265,123,68,823,379,105,10,7,21,3024,3036,2895
lpsupi,Brazil,3915,2807,845,326,247,44,14,2,6,3051,2971,2759
luckismyskill,Australia,1036,793,236,501,383,78,4,2,3,2883,2982,2586
luckyluka04,Serbia,41,55,10,31,31,4,20,20,7,2565,2596,2609
luckytiger,Ukraine,441,287,63,330,91,14,19,0,0,2813,2905,2484
luiseqp,Cuba,391,232,29,118,64,5,8,6,3,2732,2501,2663
luisibarrach,Mexico,719,387,104,878,524,105,9,7,2,2898,2753,2398
lukianoo,Georgia,1101,999,162,345,286,33,12,9,2,2937,2769,2746
lupulescuc,Romania,15,8,3,1,0,0,5,1,5,2693,2121,2669
lupul_cenusiu,Romania,3941,3504,670,9,2,0,3,2,3,2702,2155,2262
lyndonlistzmendonca,Bosnia-Herzegovina,1103,811,253,602,358,37,4,1,4,2716,2643,2385
lyonbeast,France,1004,358,268,875,415,129,5,0,0,3140,3224,2863
machupichu10,Peru,519,377,84,808,586,106,14,9,5,2953,3020,2835
maciek_92,Poland,3798,2856,575,1252,985,122,1,1,1,2931,2885,2541
macmolner,United States,446,179,58,2374,684,122,13,8,7,2421,2504,2853
maestroza,Russia,1772,976,242,114,26,11,1,1,0,2594,2492,1266
maghalashvili,Georgia,1173,797,304,3451,2520,445,6,3,0,2986,2938,2495
magicmaster17,Hungary,156,59,26,70,38,3,17,12,15,2866,2714,2621
magnuscarlsen,Norway,137,32,52,59,19,11,5,0,1,3192,3350,2862
malev212,United States,543,476,60,1502,1256,34,12,5,4,2737,2454,2860
mamey78,Cuba,350,341,63,288,231,21,7,7,9,2585,2651,2493
man-chuk,Armenia,1792,1534,437,1163,1146,178,10,4,4,2944,3032,2649
marcan2b,France,3076,2425,329,969,664,73,6,13,5,2839,2667,2376
marctarnold,United States,1250,804,235,24,9,7,7,2,0,2615,2519,2606
margency,Turkey,3175,3353,582,772,848,107,8,2,3,2764,2764,2279
marianpetrov,Bulgaria,3407,3228,657,848,823,91,40,15,7,2700,2550,2441
markparagua,United States,675,391,136,261,167,25,53,8,20,2894,2904,2462
markusragger,Austria,233,115,55,83,38,10,3,4,1,2753,2590,2359
martinez1985,Cuba,231,245,46,329,383,35,11,7,4,2646,2719,2673
masmos97,Iran,90,34,7,67,23,2,18,6,4,2800,2627,2500
mastroskaki,Greece,921,441,185,1,0,0,24,7,7,2768,2548,2549
mathiaswomacka,Germany,1663,335,122,265,20,8,23,1,1,2512,2263,2428
matibar,Poland,1891,1494,453,209,207,32,13,5,11,2899,2882,2636
mauricioflores,United States,523,295,73,3506,1867,324,9,1,1,2804,2833,2656
maximdlugy,United States,2320,1861,698,2050,1563,295,1,0,0,2976,2890,1936
maxwell1986,Belgium,286,84,28,182,39,12,5,2,5,2635,2506,2298
maybe00,Iran,692,586,371,11,3,4,3,1,0,2856,2730,2647
mazetovic,France,1458,1282,266,129,131,14,8,4,2,2854,2644,2641
medvegy,Hungary,1935,1056,201,322,143,21,152,3,8,2681,2645,2547
megazz,Australia,2106,1533,351,1,0,0,6,3,2,2878,2507,2544
messiboca,Argentina,54,35,15,119,94,13,10,7,2,2670,2825,2623
mgeli,United States,23,8,3,18,18,3,1,1,0,2556,2487,2015
mhebden,United Kingdom,337,125,33,89,46,2,10,6,2,2693,2305,2444
michaelroiz,Israel,5752,3063,2059,516,349,72,5,0,3,3097,2875,2608
michelangelo,Slovenia,106,41,13,8,0,0,6,1,2,2735,2501,2796
micheliavelli,Germany,2282,1354,554,822,559,105,2,0,0,2766,2593,2319
micki-taryan,Armenia,2207,1228,380,12641,9488,1356,32,12,12,3117,3206,2676
mikaelyanarman1996,Armenia,1533,1334,297,124,95,14,25,9,15,2871,2694,2555
mikhail646464,Russia,366,265,60,81,55,8,69,6,50,2209,2200,2200
mikhail_golubev,Ukraine,1853,1567,343,462,203,40,32,12,10,2643,2341,2240
milanovicdan,Serbia,113,61,13,172,50,9,7,4,0,2607,2404,2707
milanzajic,Serbia,14,10,4,671,475,131,1,1,0,2837,2786,2619
milosji,Czech Republic,381,233,72,235,58,10,1,4,1,2692,2633,2550
mirceaparligras,Romania,358,189,94,6,3,2,21,1,7,2717,2428,2635
mirman90,Turkey,3071,2645,609,27,31,4,8,7,0,2836,2912,2701
miromiljkovic,Serbia,501,367,125,1115,957,176,6,1,4,2647,2717,2407
mironius,Micronesia,1353,404,193,107,11,5,6,3,1,2737,2515,2606
misapap,Serbia,645,668,117,167,180,22,34,13,8,2772,2641,2482
mishanick,Russia,7273,4404,1244,1593,1104,176,25,2,9,3074,3077,2977
mishikomchedlishvili,Georgia,464,403,80,22,14,5,14,8,5,2921,2793,2598
misi_95,Azerbaijan,435,364,59,106,86,10,4,2,1,2775,2573,2259
mnikolov,Bulgaria,2689,2002,346,2297,1666,117,1,1,0,2681,2657,1892
molton,Australia,1919,1265,317,430,192,26,23,4,10,2916,2780,2729
monmoransy,Russia,1300,1227,412,120,67,24,3,0,1,2651,2667,2268
mornar1951,Croatia,439,192,86,5,2,1,12,20,6,2724,2283,2556
moro182,Italy,1098,828,268,522,382,75,37,11,9,2889,2883,2621
morteza_mahjoob,Iran,506,427,74,29,21,3,16,5,13,2500,2797,2055
mossedivertenti,Italy,37,8,1,2,0,0,3,3,1,2412,2536,2400
movebymove,United Kingdom,151,52,16,24,24,0,36,10,2,2402,1357,2092
mrmotley,Bulgaria,66,31,10,150,79,21,3,0,0,2664,2731,2549
mrtattaglia,Hungary,2192,1782,377,4701,3956,507,22,2,11,3037,3070,2711
mr_dynamic,Netherlands,70,49,5,35,16,2,1,0,3,2721,2427,2586
msb2,Germany,4941,2912,828,819,510,88,15,3,6,3023,3025,2692
mugzyyy,Spain,325,134,30,537,59,13,67,22,5,2644,2657,2654
muisback26,Azerbaijan,1651,948,340,154,106,26,9,3,1,3113,3001,2970
muradore,Serbia,5005,5547,1236,141,119,11,19,5,12,2804,2445,1443
murtas73,Kazakhstan,120,57,19,20,2,0,6,4,11,2683,2316,2594
mvpjs31,Jersey,836,113,48,64,12,2,518,9,1,2972,2819,2491
naaas1,Mongolia,458,403,70,1,6,0,16,10,11,2808,2719,2398
ndepinesperg,Israel,580,284,192,45,46,12,12,31,4,3007,2895,2963
nemegejas,Lithuania,609,476,109,866,598,85,14,0,0,2945,2988,1621
nemequittepas,France,1075,780,334,159,120,20,10,1,3,2934,2827,2411
neurisdr,Paraguay,190,86,25,52,44,8,41,11,13,2829,2651,2670
newbornnow,Moldova,2033,1617,279,2203,2023,204,12,8,5,2826,2636,2581
newtie4,France,116,31,8,78,17,4,47,11,1,2539,2505,2554
newzorro,Russia,437,245,52,316,295,32,5,1,2,2836,2770,2634
nguyenduchoa,Vietnam,6126,5698,648,259,214,9,5,4,1,2743,2489,2241
nguyenxi,Vietnam,1315,947,176,21946,15039,1806,6,3,1,2774,2873,1799
nidjatmamedov,Azerbaijan,131,67,7,12,1,0,1,0,0,2717,2510,1837
nihalsarin,Sweden,9201,5863,1701,7343,4393,982,131,55,28,3138,3382,2669
nikolakis2014,Greece,446,318,74,88,50,6,6,4,4,2769,2529,2321
nitzan_steinberg,Israel,1308,825,248,617,401,80,29,10,9,2959,2987,2542
noukii,France,6551,5003,1144,10248,7375,1050,2,0,7,2962,2967,2612
nrvisakh,India,1883,1278,622,391,211,55,34,25,20,2875,2920,2573
nuidisvulko,Peru,32,18,13,54,12,2,9,2,7,2660,2763,2583
nyzhnyk_illia,United States,575,134,81,378,148,34,7,2,0,2984,2905,2782
obliviate12,India,629,554,167,274,232,44,4,3,2,2914,2860,2776
off-war,Ukraine,2263,1814,284,1173,997,114,12,0,0,2806,2866,2673
ok97,Israel,4102,2581,837,163,74,20,9,7,0,2919,2890,2719
oleksandr_bortnyk,Ukraine,2522,1028,341,5123,3599,615,12,4,2,3061,3340,2939
olksuna,Argentina,424,270,83,10,1,0,1,2,1,2710,2598,2540
olomi007,United States,1051,673,190,230,157,14,7,0,1,2714,2501,2374
oparingrigoriy,Russia,3070,1409,748,2344,1440,385,12,4,14,3043,3049,2650
openyagami,United States,905,568,146,963,685,80,6,2,1,2897,2903,2787
oskariot,International,4236,4296,806,3224,3277,385,7,1,0,2802,2826,2250
oursemare,France,180,62,19,14,3,1,7,1,0,2536,2245,2379
pablozarnicki,Argentina,1086,962,255,282,209,43,5,1,2,2698,2637,2319
paralinch,Russia,1477,784,395,533,218,60,10,1,3,2979,3054,2347
parhamov,Iran,2213,1849,532,2495,2768,347,13,9,10,3191,3140,2674
parimarjan,India,34,23,9,15,5,6,1,0,2,2582,2753,2656
paulfromspb,Russia,2899,2105,611,1656,1415,237,28,6,14,2840,2741,2590
paulphoenix87,Switzerland,1846,1354,255,285,115,12,1,0,0,2802,2695,1493
paulvelten,France,179,75,13,222,56,9,8,2,0,2858,2800,2787
pavel_skatchkov,Russia,122,83,10,82,30,2,6,0,0,2688,2638,2502
pawelczarnota,Poland,203,138,41,170,105,27,2,0,0,2869,2730,2502
penguingm1,North Korea,2569,1527,316,13564,7361,1109,44,16,42,3110,3504,2969
pidzsy,Hungary,75,37,10,3,2,0,11,6,0,2594,2412,2582
platy3,Argentina,1078,654,229,3462,2565,481,11,7,5,2940,3186,2622
polish_fighter3000,Poland,1312,771,284,3358,2280,344,21,4,6,3143,3248,2997
pollo2016,Cuba,277,188,30,7,4,1,10,5,5,2660,2592,2518
potosino1970,Mexico,441,345,62,5,2,0,3,2,1,2710,2759,2529
pouya21,Iran,217,113,34,51,44,8,8,4,5,2848,2819,2662
predatoru,Romania,510,269,53,138,77,9,10,7,9,2667,2495,2460
profylax,Norway,1098,709,107,1,0,0,29,9,0,2424,1381,1913
promen1999,Hungary,1141,1013,253,122,88,21,14,1,9,2991,2802,2860
pvorontsov,United States,306,224,62,1,1,2,3,4,3,2855,2521,2465
qashashvilialexandre,Georgia,192,87,51,584,325,69,9,8,5,2363,2178,2006
rabachess,United States,236,165,31,27,11,1,14,28,15,2497,2176,2200
radzio1987,Poland,270,109,66,38,21,7,12,4,9,2926,2842,2749
rakhmanov_aleksandr,Russia,687,278,121,50,22,4,9,4,3,2916,2580,2608
raphaei,Slovenia,680,554,135,1,2,0,6,9,6,2679,2176,2570
rasmussvane,Germany,1332,634,285,3149,1373,368,17,7,8,2966,3056,2557
ratkovic_miloje,Serbia,646,759,137,87,122,18,8,1,1,2858,2633,2514
raunaksadhwani2005,United Arab Emirates,1219,707,340,2390,1570,281,5,7,4,3080,3204,2646
rayrobson,United States,414,241,59,166,137,24,1,0,0,2899,2859,2796
rd4ever,Kazakhstan,705,402,161,185,84,33,21,11,12,2940,2813,2591
rdeux42,France,46,13,3,10,4,0,3,2,2,2517,1980,2532
rednova1729,United States,107,59,26,153,83,28,11,3,2,2879,2977,2765
reutik,Israel,1765,677,111,3180,2152,98,25,6,2,2493,2634,2500
revisor,Russia,965,524,158,596,204,49,3,0,0,2948,2821,2048
rexterminator,Turks and Caicos Islands,130,88,12,3,1,0,2,0,0,2779,2561,2738
rfelgaer,Argentina,537,501,158,1,1,0,9,4,1,2805,2110,2647
rikikits,France,2225,1565,374,6548,4512,786,9,5,6,2911,2916,2815
rnhs,Qatar,777,542,121,3006,1870,291,2,0,0,2842,2961,2600
robert_chessmood,Armenia,2058,2370,947,755,799,167,3,3,4,3103,3033,2547
robinswinkels,Netherlands,64,21,12,121,42,3,17,0,3,2485,2597,1837
rodalquilar,Argentina,1153,740,133,28,26,3,3,4,1,2815,2780,2686
roelandpruijssers,Netherlands,1204,790,194,77,59,6,11,7,1,2739,2613,2770
rogapa,Cuba,613,353,81,12,12,2,12,5,4,2831,2513,2494
roman_ovetchkin,Russia,291,191,60,31,8,2,7,6,5,2762,2578,2455
rookoco,United States,4881,4412,799,10,6,1,1,0,0,2791,2834,2339
rozum_ivan,Russia,414,330,64,180,163,16,8,5,1,2778,2787,2483
rpragchess,India,837,610,160,2214,2058,289,40,6,4,2985,3041,2629
ruifeng,United States,378,298,75,71,30,6,252,364,25,2895,2614,2556
rybka1989,Ukraine,1974,1750,634,233,117,17,3,4,2,2759,2572,2192
s2pac,Belarus,918,761,188,529,485,67,68,12,23,2946,2928,2552
sadorra_pcap_manila,Philippines,194,238,25,173,188,7,10,4,6,2906,2744,2506
sahajgrover,India,394,287,60,1417,1323,132,9,4,1,2776,2764,2681
salgadochess91,Spain,386,304,84,10,5,0,2,3,0,2907,2776,2344
sam_chessmood,Armenia,974,707,340,39,32,3,30,5,15,2975,2949,2616
sanan_sjugirov,Russia,3650,2162,825,1422,927,158,13,5,4,3009,2992,2894
sandromareco,Argentina,662,489,145,29,18,1,15,5,5,2923,2394,2832
santoblue,Turkey,5475,5481,933,1333,1249,146,17,10,7,3037,2931,2632
savelijtartakover,Russia,519,256,212,6,1,0,10,2,13,2800,2249,2589
saxar85,Ukraine,215,140,63,5,6,2,22,6,13,2806,2647,2735
sebastian,United States,1051,596,320,434,272,64,20,2,6,3053,3084,2880
senseijulio,Philippines,876,826,45,2,0,0,3,1,1,2733,2585,2662
sergeiaza,Belarus,2054,2117,419,568,635,51,6,2,2,2921,2610,2660
sergey_kasparov,Armenia,1094,1180,414,2,2,0,1,0,4,2759,2194,2538
sergiochess83,Hungary,1144,1094,490,175,163,30,6,2,1,2990,2731,2696
sethu0025,India,1601,1029,278,256,174,27,9,6,8,2853,2693,2673
shankland,United States,643,340,169,321,240,34,14,4,7,2969,2729,2777
sharapovevgeny,Ukraine,261,177,128,21,10,5,5,6,10,2538,2470,2491
sharpchess22,Argentina,2627,2362,433,1,0,0,5,5,3,3051,2408,2627
shevson,Poland,54,40,9,17,20,0,19,1,0,2501,2171,2384
shield12,Uzbekistan,1267,959,355,309,181,38,9,5,2,2982,3026,2696
shimanovalex,United States,3873,2726,771,87,40,7,3,3,2,2971,2989,2801
shtembuliak,United States,3575,2955,886,810,625,106,17,9,8,2985,2986,2523
shyam,India,708,548,118,109,64,8,6,5,6,2790,2834,2241
sibelephant,Russia,673,191,181,109,57,49,15,2,6,3239,3280,2905
sipkeernst,Netherlands,145,75,30,15,3,0,21,15,4,2673,2546,2187
smirnov_pavel,Russia,928,551,213,11,12,0,17,0,1,2917,2628,2455
smurfo,Australia,4161,1627,641,89,37,10,1,0,0,2668,2671,2534
son_of_sultan,International,332,378,73,1,6,0,3,3,1,2764,2856,2533
spartakus1975,Ukraine,1343,791,207,3970,2998,318,28,4,7,2794,2617,2622
speedskater,United States,2362,1461,499,1603,922,177,21,6,6,2940,2900,2488
spicycaterpillar,United States,1571,1031,313,1882,1572,223,13,6,8,3092,3265,2732
ss003,Ukraine,341,206,47,1,1,0,1,2,0,2539,2378,1571
stanyga,India,333,177,54,284,188,21,25,12,2,2793,2550,2623
starmatecc,Philippines,842,721,143,854,578,75,7,34,1,2627,2488,1893
sumohawk,United Kingdom,446,158,24,89,32,2,28,3,2,2441,2367,2590
sundarkidambi,India,30,6,2,1,0,0,1,1,8,2354,1492,2021
superetual,Spain,92,45,9,356,243,53,4,5,7,2505,2507,2356
suryaganguly,India,584,369,83,519,320,45,17,8,7,3019,2803,2704
swapchess90,India,1512,1151,258,3141,2338,348,3,6,0,2877,2809,2532
swayamsm,India,466,394,87,984,948,111,1,4,4,2714,2776,2612
swisspower96,Switzerland,1706,1621,289,86,65,13,14,9,1,2774,2700,2531
sychev_klementy,Russia,692,395,130,45,22,6,10,4,3,2934,2825,2743
szfinx11,Hungary,141,79,17,1124,1101,122,1,0,0,2657,2742,2127
tamirnabaty,Israel,522,132,65,25,16,1,13,6,3,3035,2940,2632
tapuah,Israel,6539,4094,1380,17,1,0,21,5,6,3006,2751,2836
tashik,Ukraine,958,880,141,35,17,5,7,5,4,2616,2595,2397
taxidermist,United States,269,126,37,890,701,35,73,14,6,2763,2530,2502
temiksmozg,Ukraine,1436,1591,319,58,64,7,2,2,1,2756,2668,2504
tenismaster,United States,4242,3172,900,326,299,38,7,0,2,2933,2747,2791
thamizhan,United States,469,282,62,40,35,3,5,3,1,2750,2270,2000
thecount,United States,3901,2961,591,2698,2356,343,16,5,5,2830,2815,2659
thegadfly1897,Turkey,299,181,67,84,69,24,77,7,11,2935,2744,2717
thejoker64,Turkey,463,395,103,243,188,43,16,5,9,2817,2798,2579
thesilmarils,United States,635,498,167,56,36,9,2,0,1,2886,2548,1439
tigergenov,Bulgaria,62,29,7,189,91,7,19,3,0,2341,2271,2497
tigra,Russia,431,211,67,7,5,0,9,2,4,2907,2459,2656
tigrangharamian,France,112,83,34,1658,1138,249,2,0,0,2885,2960,2695
tigrvshlyape,United States,1490,532,456,137,126,22,53,4,10,2948,2810,2082
timofeevar,Russia,599,257,191,101,29,44,8,2,6,2893,2606,2681
timurgareyev,United States,319,136,15,119,63,7,8,3,3,2734,2470,2621
titan013,France,2871,1983,415,11742,8309,1062,4,5,1,2996,2765,2362
tjallkompall,Norway,589,560,92,278,197,25,1,3,1,2806,2549,2653
tocras,France,832,583,118,283,187,35,1,0,0,2802,2796,2602
tomaspolak74,Czech Republic,44,6,2,3,2,1,2,0,1,2604,2647,2752
tomskantans,Latvia,1849,1331,218,502,289,59,19,7,7,2708,2786,2673
tormoz,Germany,122,75,14,47,19,3,19,7,14,2706,2579,3008
tornikesanikidze,Georgia,92,32,22,142,69,25,2,2,0,2768,2792,2252
tptagain,Spain,671,360,120,18,6,3,6,3,12,2990,2969,2746
tradjabov,Azerbaijan,84,17,9,124,48,16,6,1,7,3053,3062,2848
tranjminh,Vietnam,801,541,117,1217,1162,137,3,2,1,2929,3024,2560
transponster,United States,1663,1332,232,1834,1219,154,8,1,0,2990,2915,2000
twannibal,Netherlands,41,13,4,3,2,0,22,10,10,2749,2698,2418
uchihovich,Russia,1115,1011,241,59,62,4,2,0,0,2932,2702,2071
udysseus1,Greece,1777,874,356,2,0,0,22,13,12,2785,1081,1482
vaathi_coming,India,528,249,91,710,555,70,18,6,4,2952,3045,2842
vanina1989,Russia,338,169,47,86,43,20,9,1,1,2837,2754,2621
vanych,Russia,79,24,3,21,14,0,8,3,1,2486,1846,2400
verdenotte,England,793,361,185,121,52,11,17,5,8,2913,2889,2763
viditchess,India,723,357,190,272,141,41,17,4,13,3089,3079,2747
vidityt,India,322,127,60,141,125,27,2,1,1,3024,3122,2470
viiiagra,Chile,2256,2053,530,960,813,149,18,8,7,2939,3061,2766
vincentkeymer,Germany,1580,1641,569,979,1181,169,18,3,3,3017,2994,2765
vincentmasuka,Norway,467,318,46,154,118,13,37,1,2,2553,2426,2451
virgo15,Mongolia,490,436,134,39,21,1,21,9,10,2830,2642,2614
vishnuprasanna,India,1904,1308,161,1077,803,37,11,7,1,2825,2737,2401
vitaliybernadskiy,Ukraine,4210,3017,787,305,185,32,24,14,13,2946,2881,2606
vitarasik,Czech Republic,2309,1743,574,6,11,1,3,0,0,2681,2337,2669
vladdobrov,Russia,4511,3564,736,1026,949,128,6,2,5,3011,2868,2886
vladislavkovalev,Belarus,1531,1245,377,703,667,112,28,3,13,2966,2790,2842
vladjianu,Romania,742,250,91,400,244,41,23,0,4,2649,2743,2428
vojtechplat,Czech Republic,901,792,264,25,40,8,12,6,5,2914,2750,2672
vovan1991,Ukraine,104,70,18,298,179,23,10,0,0,2608,2836,2636
vserguei,Russia,402,303,84,14,11,0,36,8,14,2746,2374,2708
vugarrasulov,Azerbaijan,3907,2084,830,853,420,99,24,9,6,2944,2957,2400
vyotov,Bulgaria,295,218,64,472,401,77,1,0,0,2659,2728,2226
wanderingknightly,China,809,424,139,55,28,2,4,3,3,2891,2623,2832
washuntilholes,Russia,133,52,17,46,18,1,6,1,0,2829,2763,1863
wizard456,India,1009,687,307,436,296,36,11,3,8,2945,2898,2842
worldwar66,India,151,141,29,108,98,10,2,2,0,2706,2798,2505
wraku89,Poland,196,51,23,286,152,19,8,6,0,2744,2760,2086
wudileige,China,156,134,54,67,65,10,5,4,6,3016,2884,2500
xamax2000,Netherlands,481,257,63,157,100,12,24,5,3,2817,2867,2686
xdps,Chile,3700,2295,483,1330,851,159,86,21,11,2868,2941,2480
xxysoul6,China,495,319,129,483,280,59,8,2,6,2957,3089,2883
yamalchess,Russia,510,213,57,16,6,0,12,8,7,2589,2230,2479
yannickpelletier,Switzerland,485,188,68,24,25,3,1,2,1,2667,2623,2379
yardird,Germany,6137,5379,861,9,12,1,1,0,0,2820,2563,2408
yifan0227,China,79,61,32,34,37,20,11,3,6,2807,2653,2745
yobdc,Canada,585,276,68,327,298,38,101,17,8,2690,2479,2396
youngkid,India,512,248,47,705,606,102,10,4,7,2890,3011,2711
younguzbek,Singapore,724,437,53,879,548,57,41,25,3,2830,2741,2451
yqperez,Cuba,638,330,105,48,16,9,11,12,8,2991,2619,2450
zabdumalik,Kazakhstan,219,176,50,34,38,8,8,6,3,2735,2691,2514
zablotsky,Russia,1266,1187,233,55,23,2,41,2,0,2722,2501,2772
zaur-mammadov,Turkey,251,113,32,124,53,4,6,1,3,2801,2588,2577
zhuu96,Russia,1339,881,266,461,251,30,6,4,1,3070,3012,3022
ziachess74,Bangladesh,1091,1021,175,155,136,12,36,11,16,2682,2512,2791
zirafa1,Slovenia,147,60,12,37,14,5,1,0,0,2425,2503,2524
zkid,United States,836,465,137,264,115,14,7,5,2,2901,2805,2771
zq1,United States,2176,1550,341,496,402,47,6,5,2,2653,2594,2555
zubridis,Ukraine,295,173,39,3,3,0,7,3,1,2595,2481,2465
zugazuando,Brazil,1048,485,148,77,31,14,180,12,12,2745,2645,2550
zuraazmai,Georgia,71,50,13,17157,12617,2417,2,4,4,2989,2783,2454
zvonokchess1996,Russia,1028,546,211,800,422,102,53,0,1,2911,2949,2511
